keywords,frequency
the,66
to,36
and,24
a,21
China,18
of,16
in,15
is,13
The,11
from,10
Trump,9
as,9
Chinese,8
US,8
Global,7
the,66
to,36
and,24
a,21
China,18
of,16
in,15
is,13
The,11
from,10
Trump,9
as,9
Chinese,8
US,8
Global,7
the,66
to,36
and,24
a,21
China,18
of,16
in,15
is,13
The,11
from,10
Trump,9
as,9
Chinese,8
US,8
Global,7
the,66
to,36
and,24
a,21
China,18
of,16
in,15
is,13
The,11
from,10
Trump,9
as,9
Chinese,8
US,8
Global,7
the,66
to,36
and,24
a,21
China,18
of,16
in,15
is,13
The,11
from,10
Trump,9
as,9
Chinese,8
US,8
Global,7
the,66
to,36
and,24
a,21
China,18
of,16
in,15
is,13
The,11
from,10
Trump,9
as,9
Chinese,8
US,8
Global,7
the,66
to,36
and,24
a,21
China,18
of,16
in,15
is,13
The,11
from,10
Trump,9
as,9
Chinese,8
US,8
Global,7
the,66
to,36
and,24
a,21
China,18
of,16
in,15
is,13
The,11
from,10
Trump,9
as,9
Chinese,8
US,8
Global,7
the,66
to,36
and,24
a,21
China,18
of,16
in,15
is,13
The,11
from,10
Trump,9
as,9
Chinese,8
US,8
Global,7
the,66
to,36
and,24
a,21
China,18
of,16
in,15
is,13
The,11
from,10
Trump,9
as,9
Chinese,8
US,8
Global,7
the,66
to,36
and,24
a,21
China,18
of,16
in,15
is,13
The,11
from,10
Trump,9
as,9
Chinese,8
US,8
Global,7
the,66
to,36
and,24
a,21
China,18
of,16
in,15
is,13
The,11
from,10
Trump,9
as,9
Chinese,8
US,8
Global,7
the,66
to,36
and,24
a,21
China,18
of,16
in,15
is,13
The,11
from,10
Trump,9
as,9
Chinese,8
US,8
Global,7
the,66
to,36
and,24
a,21
China,18
of,16
in,15
is,13
The,11
from,10
Trump,9
as,9
Chinese,8
US,8
Global,7
the,66
to,36
and,24
a,21
China,18
of,16
in,15
is,13
The,11
from,10
Trump,9
as,9
Chinese,8
US,8
Global,7
